﻿Name,Cases,Deaths,Cough,Fever,Myaglia,Chills,Fatigue,Headache,ShortBreath
Covid,12028081,"255,076",0.84,0.8,0.63,0.62,0.62,0.59,0.57
Flu,35500000,"34,200",0.97,0.89,0,0.69,0,0.69,0
Tuberculosis,"8,920",542,0.97,0,0,0,0,0,0
Pneumonia,"1,300,000","47,956",0.92,0.79,0,0,0,0,0
Bronchial Asthma (Asthma),"1,600,000","3,441",0.88,0,0,0,0,0,0.74
Bronchitis (acute),"9,000,000",492,0.58,0,0,0,0,0,0.72
Strep Throat ,"24,000",1900,0,0,0,0,0,0,0
Measles,1249,1,0.89,1,0,0,0,0,0
Mononucleosis ( Epstein-Barr virus),"8,000,000",1,0,0.5,0,0,0.9,0.75,0
Lyme Disease,"30,000",1,0,0,0,0,0,0.67,0
Meningitis,"4,100",500,0,0.85,0,0,0,0.5,0
